full_name,email,phone,age,city,organisation,event_date,case_ref,postal_code
Aarav Menon,aarav.menon@example.org,+91 90000 10001,29,Bengaluru,Orion Analytics Pvt Ltd,2026-07-14,VG-CASE-26001,560038
Meera Iyer,meera.iyer@example.org,+91 90000 10002,34,Chennai,Sapphire Health Labs,2026-07-15,VG-CASE-26002,600020
Kabir Shah,kabir.shah@example.org,+91 90000 10003,41,Ahmedabad,Cedar Finance Services,2026-07-16,VG-CASE-26003,380015
Nisha Kulkarni,nisha.kulkarni@example.org,+91 90000 10004,27,Pune,Nimbus Research Foundation,2026-07-17,VG-CASE-26004,411004
Rohan Das,rohan.das@example.org,+91 90000 10005,31,Kolkata,Eastern Data Cooperative,2026-07-18,VG-CASE-26005,700029
Ishita Rao,ishita.rao@example.org,+91 90000 10006,38,Hyderabad,Helix Diagnostics,2026-07-19,VG-CASE-26006,500034
Arjun Bhat,arjun.bhat@example.org,+91 90000 10007,24,Mangaluru,Coastal Systems Lab,2026-07-20,VG-CASE-26007,575003
Tara Singh,tara.singh@example.org,+91 90000 10008,36,Jaipur,Desert Grid Research,2026-07-21,VG-CASE-26008,302004
Vikram Joshi,vikram.joshi@example.org,+91 90000 10009,45,Nagpur,Central Mobility Works,2026-07-22,VG-CASE-26009,440010
Leena Thomas,leena.thomas@example.org,+91 90000 10010,33,Kochi,Harbour Clinical Network,2026-07-23,VG-CASE-26010,682020
Dev Malhotra,dev.malhotra@example.org,+91 90000 10011,26,Gurugram,Northstar Legal Systems,2026-07-24,VG-CASE-26011,122002
Ananya Shetty,ananya.shetty@example.org,+91 90000 10012,30,Mysuru,Kaveri Public Research Unit,2026-07-25,VG-CASE-26012,570017
